Redecker, Lenard, machetesjutted@prettinessraging.me, brown, 1991-07-11
Brdar, Ike, cyberpunkcrisply@lampblackshortish.info, russet, 1994-02-16
Huckstadt, Gaylord, junesblemishing@scummiersalivates.org, scarlet, 1998-06-20
Fourcade, Olin, barometermartsreactivates@yuckydolloping.edu, watermelon, 1975-04-02
Vanhee, Monroe, sticklebacksdiesels@guidelines.org, opal, 1977-07-20
Canby, Barton, voltasBergerac@fundamentals.org, teal, 2016-02-11
Baddeley, Enrique, entreatsprocessions@alloysloadersreactive.edu, sapphire, 2002-04-24
Barcelos, Cyril, staiderSkippysjabots@booksellerAlbanians.net, pear, 1981-07-02
Maycroft, Ramon, winteredrefurnish@distillateaccountability.gov, pearl, 2019-11-27
Withey, Elwood, camouflages@cocainespsychically.org, onyx, 1971-01-01
